Categoria;Pais;Vela;Club;Timonel;Sexo;Nac;Edad
SUB10;ARG;375;YCA;KUNDIG Agustín;M;2017-01-26;9
SUB10 - FEM;ARG;3653;CGLNM;ALDATZ Julieta;F;2017-03-06;9
;ARG;3706;YCA;HITA Francisco;M;2016-08-23;10
FEM;ARG;3736;YCA;FRERS Clara;F;2014-10-15;12
FEM;ARG;3870;YCA;DOVAL Chloé;F;2015-10-22;11
SUB10 - FEM;ARG;3787;YCA;MARCONE Malena Delfina;F;2017-05-16;9
;ARG;3140;YCA;FERNANDEZ Manuel;M;2014-11-25;12
;CHI;425;CYH;ÁLVAREZ Lenny;M;2015-12-26;11
;CHI;446;CYA;BIANCHI BASADRE Luciano;M;2014-08-13;12
FEM;ARG;3830;CUBA;HARIRI Juana;F;2016-01-12;10
FEM;CHI;421;CYH;HERNANDEZ VALDIVIA Maite;F;2013-12-18;13
;ARG;3715;CNSP;ROMERO TEDESCHI Dante;M;2016-06-28;10
;ARG;3683;CGLNM;SOLANA TESSANDORI Manuel;M;2016-02-03;10
FEM;ARG;3918;CVSI;BERTANI Emilia;F;2015-04-07;11
FEM;ARG;4262;CNSI;SORZANA Juana;F;2014-02-05;12
;ARG;3495;CGLNM;BARLANI Pedro;M;2016-04-18;10
;ARG;3992;CPNLB;VON ECKENBRECHER GOULD Joaquin Casiel;M;2014-06-26;12
;ARG;4180;CGLNM;ALVAREZ Francisco;M;2015-08-25;11
;ARG;4131;CVSI;DONO MOYA Santiago;M;2015-10-22;11
;ARG;3732;CVB;PERUZZI Bautista;M;2016-06-08;10
;ARG;3482;CGLNM;FRANK Silverio;M;2014-10-21;12
SUB10;ARG;3727;CNZ;ELORRIAGA Homero;M;2017-03-23;9
;SWE;4905;CVSI;HEREDIA Pedro;M;2016-01-28;10
;ARG;3185;CGLNM;CAMPITELLI Vicente;M;2014-05-16;12
FEM;ARG;4114;CVSI;CUENCA ESMAIMAN Renata;F;2014-10-24;12
FEM;ARG;3705;CNGSM;LIBERMAN Sofía Julieta;F;2013-02-16;13
FEM;ARG;3512;CGLNM;TAMBORINI Matilda;F;2013-03-14;13
SUB10;ARG;3295;YCCN;KOCH Günther;M;2018-07-12;8
FEM;ARG;3994;CPNLB;BICOCCA Julieta;F;2013-07-10;13
FEM;ARG;4088;CVB;WOLOJ Emilia;F;2014-08-05;12
FEM;ARG;3775;CVB;FOSSATTI Sofía Guillermina;F;2015-07-29;11
;ARG;3820;CPNLB;RONCHI Benjamin;M;2014-09-19;12
;ARG;3850;CPNLB;BICOCCA Franco;M;2015-06-10;11
FEM;GBR;4797;CNZ;MUL Nina;F;2015-05-21;11
FEM;ARG;3542;CRLP;JENSEN Tania Maitén;F;2014-06-07;12
FEM;ARG;4272;CVSI;PAULUCCI Sol;F;2015-05-11;11
;ARG;3484;CVSI;ZOPPI Santiago;M;2013-10-02;13
;ARG;3590;CRLP;MERLO CALDERÓN Santiago;M;2012-08-23;14
FEM;ARG;4211;CNSI;MICELE Candearia;F;2015-06-09;11
;ARG;3178;CNQ;MELITA Laureano;M;2014-08-16;12
;ARG;3598;CVSI;MATERIN Tomás Uriel;M;2015-06-09;11
FEM;ARG;354;CNSI;STABILE Julia;F;2014-06-19;12
FEM;ARG;3704;CRA;CASTRO Sara;F;2015-12-29;11
;ARG;3138;CNSI;TEDIN Jeronimo;M;2016-03-26;10
FEM;ARG;4100;CNSI;GARCÍA LABORDE Fatima;F;2014-08-06;12
;ARG;3983;CNQ;COSTANTINI MONASTEROLO Mateo;M;2014-03-11;12
;ARG;3958;CNQ;COSTANTINI MONASTEROLO Tomás;M;2016-09-02;10
;ARG;3566;CRA;MULLER Alvaro;M;2016-01-09;10
;ARG;2640;CRLP;CORRAL Pipe;M;2016-10-18;10
;ARG;4277;CNSI;CUEVAS HERMIDA Benicio Isidro;M;2015-04-29;11
;ARG;2433;CNQ;GÓMEZ Álvaro Valentín;M;2016-02-15;10
FEM;ARG;4065;CNSI;PACHECO Belen;F;2013-07-09;13
FEM;ARG;4039;CNSI;CARISSIMI Olivia;F;2015-08-17;11
;ARG;4119;YCA;HENNING Ramiro;M;2014-10-27;12
;ARG;4049;CNSE;PONS PITA Francisco;M;2013-06-12;13
FEM;ARG;3596;CVB;RUIZ STEPANCIC Lucia;F;2015-09-19;11
;ARG;3876;CVSI;DONOFRIO Sacha;M;2014-12-26;12
;ARG;3079;CVSI;BARRAL Felipe;M;2012-11-07;14
FEM;ARG;4357;CVR;MARQUEZ LACAL Isabella;F;2014-09-19;12
FEM;ARG;3557;CNSE;BENESCH Emilia;F;2013-08-15;13
;ARG;4199;CNAS;JOCHOIAN Santiago;M;2016-02-16;10
FEM;ARG;4239;CUBA;MUSSEL Margarita;F;2014-11-20;12
FEM;ARG;3420;CNAS;AGUIRRE GARI Camila;F;2013-10-03;13
;ARG;3350;CRLP;HOFER Gaspar;M;2015-10-29;11
FEM;ARG;3111;CVB;BERARD Mora;F;2014-05-30;12
;ARG;3910;CNQ;DEJO BIANQUI Joaquin;M;2016-11-21;10
FEM;ARG;4256;YCA;SUAREZ VÁZQUEZ Rocío;F;2014-02-08;12
FEM;ARG;313;CPNLB-CBRIO;BRUNO Ambar;F;2015-02-19;11
;ARG;3287;CPNLB-CBRIO;GOITEA Axel;M;2014-01-10;12
;ARG;4120;CNAS;GARCIA Santiago Nicolas;M;2014-07-15;12
FEM;ARG;4229;CNSE;ZIBELL Dafne;F;2015-05-27;11
FEM;ARG;3995;YCA;SICARDI Juana;F;2015-06-16;11
FEM;ARG;3534;CNSI;DE EZCURRA Mora;F;2014-01-28;12
FEM;CHI;300;CNP CHI;GUEVARA Jacinta;F;2016-04-14;10
;ARG;3658;CNGSM;MARTÍNEZ POMPILIO Pedro Salvador;M;2016-04-17;10
;ARG;4362;RRC;CINGOLANI Benjamin;M;2013-11-13;13
FEM;ARG;3475;CNSI;CASTIGLIONI Rosario;F;2016-07-11;10
;ARG;3928;CNZ;BADINO Juan Ignacio;M;2015-03-04;11
;ARG;4075;CNSI;CLAVIJO Felix;M;2016-09-23;10
;ARG;4040;CGLNM;ROMERO Alvaro;M;2015-11-03;11
;ARG;4070;CPNLB;BERMUDEZ FIORITI Toribio;M;2015-11-09;11
FEM;ARG;3927;CNAS;FARBER Julia;F;2016-11-01;10
FEM;CHI;616;CYH;SCHULER Catalina;F;2016-08-05;10
FEM;CHI;844;CYH;IBAÑEZ VOLKER Alicia;F;2014-07-31;12
;ARG;3065;CNGSM;FERNANDEZ Lautaro Elias;M;2013-08-05;13
;ARG;3676;CNGSM;MASSIERI Lucas;M;2014-02-15;12
FEM;ARG;4000;CNSI;BECCAR VARELA Ana;F;2013-08-26;13
FEM;ARG;3691;CNSI;GONZÁLEZ MONTALVO Bahía;F;2014-11-22;12
;ARG;3818;CNAS;SALGADO CALANDRELLI Facundo;M;2015-03-17;11
FEM;ARG;3821;CVR;BENITEZ BARONTI Juana;F;2015-12-15;11
FEM;ARG;3663;CRA;JÄGER Amanda;F;2015-04-09;11
;ARG;306;CNSI;GRAHAM Tomás;M;2016-11-24;10
;ARG;49;CUBA;BAZÁN Gerónimo;M;2012-12-10;14
FEM;ARG;3510;CRA;PUJALS Ana;F;2015-03-17;11
;ARG;3926;CNSP;BONILLA Constantino;M;2015-02-25;11
FEM;ARG;4185;CNMP;ANGELERI Elena;F;2015-02-22;11
FEM;ARG;3631;CNSI;CAVIGLIA Catalina;F;2014-03-02;12
FEM;ARG;3645;YCA;TROLLIET Tessa;F;2014-10-06;12
FEM;ARG;3799;CNSI;BRADLEY Rufina;F;2015-06-25;11
;ARG;3998;YCCN;MOLINARI Santiago;M;2015-08-13;11
FEM;ARG;7;CNSE;MONTAUVAN Francesca;F;2014-09-24;12
;ARG;3911;CUBA;MAESO Ignacio;M;2016-02-19;10
;ARG;3754;CUBA;MAESO Felix;M;2013-10-18;13
FEM;ARG;3762;YCCN;FROGONE Lucia;F;2013-07-23;13
FEM;ARG;4283;CPNLB;DI FEO Bianca;F;2012-04-30;14
;USA;22445;YCO;NAPOLI FABRICIUS Gianmarco Federico;M;2013-09-11;13
;ARG;3996;CRA;LLOPART Agustín;M;2016-10-23;10
FEM;ARG;4265;CVR;GUERRA Olivia Margarita;F;2014-09-02;12
SUB10 - FEM;CHI;239;CNP CHI;PEREZ Isidora;F;2018-12-11;8
SUB10 - FEM;ARG;4031;YCCN;TASIN Giovanna Isabella;F;2017-08-21;9
FEM;ARG;3794;CNVC;SARTORI Catalina;F;2015-09-18;11
FEM;ARG;4230;YCO;ZARDINI Carolina;F;2013-06-28;13
FEM;ARG;4273;YCO;ZARDINI Francesca;F;2016-06-06;10
;ARG;3847;CPNLB;VILLAMIL Pedro;M;2013-09-22;13
;ARG;3991;CNMP;RIVERA VARAS Fausto Gabriel;M;2014-06-30;12
;ARG;4361;CPNLB;SFOGGIA NUÑO Facundo Tomas;M;2015-02-25;11
SUB10;ARG;3491;CNP;AGUILAR Juan Martín;M;2017-01-06;9
;ARG;3990;CPNLB;JOSA Valentin;M;2015-04-03;11
FEM;ARG;3968;CVB;TORINO Sol;F;2014-04-08;12
SUB10 - FEM;ARG;3370;CGLNM;VICTOREL Cayetana;F;2017-04-08;9
;ARG;3780;CNAS;CATINARI Santos;M;2013-05-05;13
FEM;ARG;3785;YCA;GRETHER Alexia Sophia;F;2015-07-15;11
;ARG;3842;CUBA;ETCHEGOYEN Pedro;M;2016-07-05;10
FEM;ARG;3469;CUBA;UHRIN DODERO Juana;F;2014-03-24;12
;ARG;3977;RRC;MAURO Octavio;M;2013-02-28;13
FEM;ARG;3771;CUBA;GARCIA DELATOUR Catalina;F;2016-09-02;10
FEM;ARG;3297;CRLP;SOLÍS Justina;F;2016-05-02;10
;ARG;4153;RRC;BELTRAMO Nicolas;M;2013-08-21;13
;ARG;4184;CUBA;GARCIA DELATOUR Benjamin;M;2014-10-21;12
;ARG;3635;CGLNM;ZITTA Vittorio Martino;M;2015-07-15;11
FEM;ARG;3947;CNSI;PEREZ BONADONNA Maite;F;2016-04-07;10
;ARG;4172;CNSI;LUEG Franz;M;2015-12-05;11
FEM;ARG;3229;CGLNM;FIDANZA LAGARDE Agustina;F;2013-10-07;13
;ARG;4042;CNSP;BARRÉ Álvaro;M;2016-09-01;10
FEM;ARG;4066;CVB;SUAR VOLCO Justina;F;2015-09-07;11
SUB10;ARG;4291;CVB;SUAR VOLCO Joaquin;M;2017-07-26;9
;ARG;2984;CNGSM;GARCIA CECOLISIO Thiago Nahuel;M;2014-03-19;12
;ARG;3208;CNGSM;PICCO GÜIMIL Bautista;M;2012-04-11;14
FEM;ARG;3826;CNZ;REYNOSO Sofía Victoria;F;2014-09-08;12
;ARG;3502;CNSE;VILLAMIL Manuel;M;2015-03-23;11
FEM;ARG;3834;CNZ;SANTORSOLA Matilda;F;2015-11-23;11
SUB10 - FEM;ARG;7155;YCCN;PARADISO Felicitas;F;2017-03-23;9
FEM;ARG;3640;CPNLB;CANO RICCIARDI Vera;F;2013-10-21;13
FEM;ARG;3846;CVB;MALDONADO Juana;F;2014-05-06;12
FEM;ARG;4109;YCO;HUANAY MEZA Mia Milagros;F;2014-05-06;12
FEM;ARG;3553;CRLP;DUFFARD Renata;F;2014-09-18;12
FEM;ARG;3392;CRLP;BENÍTEZ Eva;F;2011-11-29;15
FEM;ARG;3581;CRLP;GASCON DESCHAMPS Nina;F;2011-09-23;15
;ARG;3637;CRLP;ARCEMIS Polo;M;2012-07-24;14
;ARG;3286;CRLP;IRIARTE LARENAS Joaquin;M;2013-06-25;13
FEM;ARG;3885;CRLP;IRIARTE LARENAS Camila;F;2012-01-21;14
;ARG;3978;CRLP;CHAPARRO LATORRE Francisco;M;2013-04-21;13
FEM;ARG;3050;YCA MDP;RIESCO Priscilla Aluhe;F;2011-01-06;15
